{"v":"5.1.7","fr":29.9700012207031,"ip":0,"op":93.0000037879676,"w":1024,"h":768,"nm":"Comp 2","ddd":0,"assets":[],"layers":[{"ddd":0,"ind":1,"ty":4,"nm":"Shape Layer 1","sr":1,"ks":{"o":{"a":0,"k":100,"ix":11},"r":{"a":0,"k":0,"ix":10},"p":{"a":0,"k":[512,384,0],"ix":2},"a":{"a":0,"k":[0,0,0],"ix":1},"s":{"a":0,"k":[100,100,100],"ix":6}},"ao":0,"shapes":[{"ty":"gr","it":[{"ty":"rc","d":1,"s":{"a":0,"k":[708,100],"ix":2},"p":{"a":0,"k":[0,0],"ix":3},"r":{"a":0,"k":0,"ix":4},"nm":"Rectangle Path 1","mn":"ADBE Vector Shape - Rect","hd":false},{"ty":"st","c":{"a":0,"k":[0.011764705882,0.011718570485,0.011718570485,1],"ix":3},"o":{"a":0,"k":100,"ix":4},"w":{"a":0,"k":8,"ix":5},"lc":1,"lj":1,"ml":4,"nm":"Stroke 1","mn":"ADBE Vector Graphic - Stroke","hd":false},{"ty":"tr","p":{"a":0,"k":[2,2],"ix":2},"a":{"a":0,"k":[0,0],"ix":1},"s":{"a":0,"k":[100,100],"ix":3},"r":{"a":0,"k":0,"ix":6},"o":{"a":0,"k":100,"ix":7},"sk":{"a":0,"k":0,"ix":4},"sa":{"a":0,"k":0,"ix":5},"nm":"Transform"}],"nm":"Rectangle 1","np":3,"cix":2,"ix":1,"mn":"ADBE Vector Group","hd":false},{"ty":"tm","s":{"a":1,"k":[{"i":{"x":[0.833],"y":[0.833]},"o":{"x":[0.167],"y":[0.167]},"n":["0p833_0p833_0p167_0p167"],"t":0,"s":[0],"e":[100]},{"t":40.0000016292334}],"ix":1},"e":{"a":1,"k":[{"i":{"x":[0.833],"y":[0.833]},"o":{"x":[0.167],"y":[0.167]},"n":["0p833_0p833_0p167_0p167"],"t":40,"s":[0],"e":[100]},{"t":92.0000037472368}],"ix":2},"o":{"a":1,"k":[{"i":{"x":[0.833],"y":[0.833]},"o":{"x":[0.167],"y":[0.167]},"n":["0p833_0p833_0p167_0p167"],"t":0,"s":[0],"e":[365]},{"i":{"x":[0.833],"y":[0.833]},"o":{"x":[0.167],"y":[0.167]},"n":["0p833_0p833_0p167_0p167"],"t":40,"s":[365],"e":[0]},{"i":{"x":[0.833],"y":[0.833]},"o":{"x":[0.167],"y":[0.167]},"n":["0p833_0p833_0p167_0p167"],"t":43,"s":[0],"e":[1805]},{"t":92.0000037472368}],"ix":3},"m":1,"ix":2,"nm":"Trim Paths 1","mn":"ADBE Vector Filter - Trim","hd":false}],"ip":0,"op":900.000036657751,"st":0,"bm":0},{"ddd":0,"ind":2,"ty":4,"nm":"COMING SOON Outlines","sr":1,"ks":{"o":{"a":1,"k":[{"i":{"x":[0.833],"y":[0.833]},"o":{"x":[0.167],"y":[0.167]},"n":["0p833_0p833_0p167_0p167"],"t":87,"s":[100],"e":[0]},{"t":93.0000037879676}],"ix":11},"r":{"a":0,"k":0,"ix":10},"p":{"a":0,"k":[512,385.78,0],"ix":2},"a":{"a":0,"k":[337.363,-32.22,0],"ix":1},"s":{"a":0,"k":[100,100,100],"ix":6}},"ao":0,"shapes":[{"ty":"gr","it":[{"ind":0,"ty":"sh","ix":1,"ks":{"a":0,"k":{"i":[[-6.241,0],[-4.351,2.01],[-3.181,3.84],[0,0],[6.78,0],[3.299,1.831],[1.89,3.361],[0,4.38],[-1.89,3.361],[-3.3,1.831],[-4.02,0],[-4.14,-4.86],[0,0],[9.72,0],[5.16,-2.97],[2.97,-5.13],[0,-6.24],[-2.97,-5.13],[-5.161,-2.97]],"o":[[5.279,0],[4.35,-2.01],[0,0],[-4.56,5.64],[-4.02,0],[-3.3,-1.83],[-1.89,-3.36],[0,-4.379],[1.89,-3.36],[3.299,-1.83],[6.179,0],[0,0],[-6.36,-7.02],[-6.241,0],[-5.161,2.97],[-2.97,5.13],[0,6.241],[2.97,5.13],[5.16,2.97]],"v":[[37.89,1.44],[52.335,-1.575],[63.63,-10.35],[54.99,-18.54],[37.98,-10.08],[27,-12.825],[19.215,-20.61],[16.38,-32.22],[19.215,-43.83],[27,-51.615],[37.98,-54.36],[53.46,-47.07],[62.01,-55.35],[37.89,-65.88],[20.79,-61.425],[8.595,-49.275],[4.14,-32.22],[8.595,-15.165],[20.79,-3.015]],"c":true},"ix":2},"nm":"C","mn":"ADBE Vector Shape - Group","hd":false},{"ty":"fl","c":{"a":0,"k":[0.01568627451,0.015563245848,0.015563245848,1],"ix":4},"o":{"a":1,"k":[{"i":{"x":[0.862],"y":[0.099]},"o":{"x":[0.386],"y":[0.126]},"n":["0p862_0p099_0p386_0p126"],"t":0,"s":[0],"e":[100]},{"t":14.0000005702317}],"ix":5},"r":1,"nm":"Fill 1","mn":"ADBE Vector Graphic - Fill","hd":false},{"ty":"tr","p":{"a":0,"k":[0,-1],"ix":2},"a":{"a":0,"k":[0,0],"ix":1},"s":{"a":0,"k":[100,100],"ix":3},"r":{"a":0,"k":0,"ix":6},"o":{"a":0,"k":100,"ix":7},"sk":{"a":0,"k":0,"ix":4},"sa":{"a":0,"k":0,"ix":5},"nm":"Transform"}],"nm":"C","np":3,"cix":2,"ix":1,"mn":"ADBE Vector Group","hd":false},{"ty":"gr","it":[{"ind":0,"ty":"sh","ix":1,"ks":{"a":0,"k":{"i":[[-6.3,0],[-5.13,2.97],[-2.94,5.161],[0,6.18],[2.939,5.161],[5.13,2.97],[6.3,0],[5.13,-2.97],[2.939,-5.16],[0,-6.179],[-2.94,-5.16],[-5.13,-2.97]],"o":[[6.3,0],[5.13,-2.97],[2.939,-5.16],[0,-6.179],[-2.94,-5.16],[-5.13,-2.97],[-6.3,0],[-5.13,2.97],[-2.94,5.161],[0,6.18],[2.939,5.161],[5.13,2.97]],"v":[[103.59,1.44],[120.735,-3.015],[132.84,-15.21],[137.25,-32.22],[132.84,-49.23],[120.735,-61.425],[103.59,-65.88],[86.445,-61.425],[74.34,-49.23],[69.93,-32.22],[74.34,-15.21],[86.445,-3.015]],"c":true},"ix":2},"nm":"O","mn":"ADBE Vector Shape - Group","hd":false},{"ind":1,"ty":"sh","ix":2,"ks":{"a":0,"k":{"i":[[3.96,0],[3.27,1.86],[1.89,3.361],[0,4.32],[-1.89,3.361],[-3.271,1.86],[-3.96,0],[-3.3,-1.859],[-1.89,-3.36],[0,-4.32],[1.89,-3.36],[3.299,-1.859]],"o":[[-3.96,0],[-3.271,-1.859],[-1.89,-3.36],[0,-4.32],[1.89,-3.36],[3.27,-1.859],[3.96,0],[3.299,1.86],[1.89,3.361],[0,4.32],[-1.89,3.361],[-3.3,1.86]],"v":[[103.59,-10.08],[92.745,-12.87],[85.005,-20.7],[82.17,-32.22],[85.005,-43.74],[92.745,-51.57],[103.59,-54.36],[114.48,-51.57],[122.265,-43.74],[125.1,-32.22],[122.265,-20.7],[114.48,-12.87]],"c":true},"ix":2},"nm":"O","mn":"ADBE Vector Shape - Group","hd":false},{"ty":"mm","mm":1,"nm":"Merge Paths 1","mn":"ADBE Vector Filter - Merge","hd":false},{"ty":"fl","c":{"a":0,"k":[0.01568627451,0.015563245848,0.015563245848,1],"ix":4},"o":{"a":1,"k":[{"i":{"x":[0.862],"y":[0.099]},"o":{"x":[0.386],"y":[0.126]},"n":["0p862_0p099_0p386_0p126"],"t":10,"s":[0],"e":[100]},{"t":24.00000097754}],"ix":5},"r":1,"nm":"Fill 1","mn":"ADBE Vector Graphic - Fill","hd":false},{"ty":"tr","p":{"a":0,"k":[0,-1],"ix":2},"a":{"a":0,"k":[0,0],"ix":1},"s":{"a":0,"k":[100,100],"ix":3},"r":{"a":0,"k":0,"ix":6},"o":{"a":0,"k":100,"ix":7},"sk":{"a":0,"k":0,"ix":4},"sa":{"a":0,"k":0,"ix":5},"nm":"Transform"}],"nm":"O","np":5,"cix":2,"ix":2,"mn":"ADBE Vector Group","hd":false},{"ty":"gr","it":[{"ind":0,"ty":"sh","ix":1,"ks":{"a":0,"k":{"i":[[0,0],[0,0],[0,0],[0,0],[0,0],[0,0],[0,0],[0,0],[0,0],[0,0],[0,0],[0,0],[0,0],[0,0],[0,0],[0,0],[0,0],[0,0]],"o":[[0,0],[0,0],[0,0],[0,0],[0,0],[0,0],[0,0],[0,0],[0,0],[0,0],[0,0],[0,0],[0,0],[0,0],[0,0],[0,0],[0,0],[0,0]],"v":[[148.77,0],[160.74,0],[160.74,-31.77],[160.02,-42.48],[160.74,-42.48],[177.21,0],[186.66,0],[203.04,-42.48],[203.76,-42.48],[203.04,-31.77],[203.04,0],[215.1,0],[215.1,-64.44],[199.35,-64.44],[182.25,-19.17],[181.53,-19.17],[164.43,-64.44],[148.77,-64.44]],"c":true},"ix":2},"nm":"M","mn":"ADBE Vector Shape - Group","hd":false},{"ty":"fl","c":{"a":0,"k":[0.01568627451,0.015563245848,0.015563245848,1],"ix":4},"o":{"a":1,"k":[{"i":{"x":[0.862],"y":[0.099]},"o":{"x":[0.386],"y":[0.126]},"n":["0p862_0p099_0p386_0p126"],"t":16,"s":[0],"e":[100]},{"t":30.0000012219251}],"ix":5},"r":1,"nm":"Fill 1","mn":"ADBE Vector Graphic - Fill","hd":false},{"ty":"tr","p":{"a":0,"k":[0,-1],"ix":2},"a":{"a":0,"k":[0,0],"ix":1},"s":{"a":0,"k":[100,100],"ix":3},"r":{"a":0,"k":0,"ix":6},"o":{"a":0,"k":100,"ix":7},"sk":{"a":0,"k":0,"ix":4},"sa":{"a":0,"k":0,"ix":5},"nm":"Transform"}],"nm":"M","np":3,"cix":2,"ix":3,"mn":"ADBE Vector Group","hd":false},{"ty":"gr","it":[{"ind":0,"ty":"sh","ix":1,"ks":{"a":0,"k":{"i":[[0,0],[0,0],[0,0],[0,0]],"o":[[0,0],[0,0],[0,0],[0,0]],"v":[[229.769,0],[241.919,0],[241.919,-64.44],[229.769,-64.44]],"c":true},"ix":2},"nm":"I","mn":"ADBE Vector Shape - Group","hd":false},{"ty":"fl","c":{"a":0,"k":[0.01568627451,0.015563245848,0.015563245848,1],"ix":4},"o":{"a":1,"k":[{"i":{"x":[0.862],"y":[0.099]},"o":{"x":[0.386],"y":[0.126]},"n":["0p862_0p099_0p386_0p126"],"t":23,"s":[0],"e":[100]},{"t":37.0000015070409}],"ix":5},"r":1,"nm":"Fill 1","mn":"ADBE Vector Graphic - Fill","hd":false},{"ty":"tr","p":{"a":0,"k":[0,-5],"ix":2},"a":{"a":0,"k":[0,0],"ix":1},"s":{"a":0,"k":[100,100],"ix":3},"r":{"a":0,"k":0,"ix":6},"o":{"a":0,"k":100,"ix":7},"sk":{"a":0,"k":0,"ix":4},"sa":{"a":0,"k":0,"ix":5},"nm":"Transform"}],"nm":"I","np":3,"cix":2,"ix":4,"mn":"ADBE Vector Group","hd":false},{"ty":"gr","it":[{"ind":0,"ty":"sh","ix":1,"ks":{"a":0,"k":{"i":[[0,0],[0,0],[0,0],[0,0],[0,0],[0,0],[0,0],[0,0],[0,0],[0,0],[0,0],[0,0],[0,0],[0,0]],"o":[[0,0],[0,0],[0,0],[0,0],[0,0],[0,0],[0,0],[0,0],[0,0],[0,0],[0,0],[0,0],[0,0],[0,0]],"v":[[256.588,0],[268.558,0],[268.558,-33.21],[267.838,-45.63],[268.558,-45.63],[295.918,0],[308.698,0],[308.698,-64.44],[296.638,-64.44],[296.638,-33.66],[297.358,-21.24],[296.638,-21.24],[270.718,-64.44],[256.588,-64.44]],"c":true},"ix":2},"nm":"N","mn":"ADBE Vector Shape - Group","hd":false},{"ty":"fl","c":{"a":0,"k":[0.01568627451,0.015563245848,0.015563245848,1],"ix":4},"o":{"a":1,"k":[{"i":{"x":[0.862],"y":[0.099]},"o":{"x":[0.386],"y":[0.126]},"n":["0p862_0p099_0p386_0p126"],"t":30,"s":[0],"e":[100]},{"t":44.0000017921567}],"ix":5},"r":1,"nm":"Fill 1","mn":"ADBE Vector Graphic - Fill","hd":false},{"ty":"tr","p":{"a":0,"k":[0,-1],"ix":2},"a":{"a":0,"k":[0,0],"ix":1},"s":{"a":0,"k":[100,100],"ix":3},"r":{"a":0,"k":0,"ix":6},"o":{"a":0,"k":100,"ix":7},"sk":{"a":0,"k":0,"ix":4},"sa":{"a":0,"k":0,"ix":5},"nm":"Transform"}],"nm":"N","np":3,"cix":2,"ix":5,"mn":"ADBE Vector Group","hd":false},{"ty":"gr","it":[{"ind":0,"ty":"sh","ix":1,"ks":{"a":0,"k":{"i":[[-6.18,0],[-4.081,1.65],[-2.88,3.12],[-1.291,3.66],[0,4.261],[0.419,1.68],[0,0],[0,0],[0,0],[0.9,-1.679],[1.2,-1.08],[5.999,0],[3.33,1.831],[1.98,3.39],[0,4.32],[-1.95,3.39],[-3.3,1.831],[-3.96,0],[-2.61,-1.139],[-2.16,-2.28],[0,0],[4.17,1.77],[5.04,0],[5.189,-2.91],[3.06,-5.13],[0,-6.359],[-3.06,-5.13],[-5.19,-2.91]],"o":[[5.04,0],[4.08,-1.65],[2.64,-2.759],[1.29,-3.659],[0,-2.1],[0,0],[0,0],[0,0],[-0.42,1.98],[-0.9,1.68],[-3.84,3.541],[-3.96,0],[-3.33,-1.83],[-1.98,-3.389],[0,-4.32],[1.949,-3.389],[3.299,-1.83],[3.479,0],[2.61,1.14],[0,0],[-3.001,-3.24],[-4.171,-1.769],[-6.18,0],[-5.19,2.911],[-3.06,5.13],[0,6.36],[3.06,5.13],[5.189,2.911]],"v":[[353.248,1.44],[366.928,-1.035],[377.368,-8.19],[383.263,-17.82],[385.198,-29.7],[384.568,-35.37],[352.978,-35.37],[352.978,-25.02],[373.228,-25.02],[371.248,-19.53],[368.098,-15.39],[353.338,-10.08],[342.403,-12.825],[334.438,-20.655],[331.468,-32.22],[334.393,-43.785],[342.268,-51.615],[353.158,-54.36],[362.293,-52.65],[369.448,-47.52],[377.818,-55.71],[367.063,-63.225],[353.248,-65.88],[336.193,-61.515],[323.818,-49.455],[319.228,-32.22],[323.818,-14.985],[336.193,-2.925]],"c":true},"ix":2},"nm":"G","mn":"ADBE Vector Shape - Group","hd":false},{"ty":"fl","c":{"a":0,"k":[0.01568627451,0.015563245848,0.015563245848,1],"ix":4},"o":{"a":1,"k":[{"i":{"x":[0.862],"y":[0.099]},"o":{"x":[0.386],"y":[0.126]},"n":["0p862_0p099_0p386_0p126"],"t":37,"s":[0],"e":[100]},{"t":51.0000020772726}],"ix":5},"r":1,"nm":"Fill 1","mn":"ADBE Vector Graphic - Fill","hd":false},{"ty":"tr","p":{"a":0,"k":[0,-1],"ix":2},"a":{"a":0,"k":[0,0],"ix":1},"s":{"a":0,"k":[100,100],"ix":3},"r":{"a":0,"k":0,"ix":6},"o":{"a":0,"k":100,"ix":7},"sk":{"a":0,"k":0,"ix":4},"sa":{"a":0,"k":0,"ix":5},"nm":"Transform"}],"nm":"G","np":3,"cix":2,"ix":6,"mn":"ADBE Vector Group","hd":false},{"ty":"gr","it":[{"ind":0,"ty":"sh","ix":1,"ks":{"a":0,"k":{"i":[[-5.64,0],[-3.39,1.44],[-2.16,2.911],[0,4.2],[2.97,3.15],[5.58,1.921],[0,0],[1.62,1.35],[0,1.921],[-1.71,1.23],[-2.641,0],[-1.651,-1.35],[-0.661,-1.98],[0,0],[3.36,2.731],[5.819,0],[3.18,-1.589],[1.74,-2.759],[0,-3.36],[-2.94,-2.97],[-4.14,-1.44],[0,0],[-1.831,-1.53],[0,-2.399],[1.92,-1.35],[2.7,0],[2.16,2.04],[0.9,3.42],[0,0],[-4.32,-3.18]],"o":[[3.6,0],[3.389,-1.44],[2.16,-2.91],[0,-5.099],[-2.97,-3.15],[0,0],[-3.721,-1.26],[-1.62,-1.35],[0,-1.98],[1.71,-1.229],[2.579,0],[1.65,1.35],[0,0],[-1.26,-3.659],[-3.361,-2.73],[-4.02,0],[-3.181,1.59],[-1.741,2.76],[0,4.5],[2.939,2.97],[0,0],[4.68,1.741],[1.83,1.53],[0,2.4],[-1.921,1.35],[-3.24,0],[-2.16,-2.039],[0,0],[1.74,5.82],[4.32,3.181]],"v":[[434.606,1.44],[445.091,-0.72],[453.416,-7.245],[456.656,-17.91],[452.201,-30.285],[439.376,-37.89],[435.326,-39.24],[427.316,-43.155],[424.886,-48.06],[427.451,-52.875],[433.976,-54.72],[440.321,-52.695],[443.786,-47.7],[454.496,-52.2],[447.566,-61.785],[433.796,-65.88],[422.996,-63.495],[415.616,-56.97],[413.006,-47.79],[417.416,-36.585],[428.036,-29.97],[431.996,-28.53],[441.761,-23.625],[444.506,-17.73],[441.626,-12.105],[434.696,-10.08],[426.596,-13.14],[422.006,-21.33],[410.576,-16.83],[419.666,-3.33]],"c":true},"ix":2},"nm":"S","mn":"ADBE Vector Shape - Group","hd":false},{"ty":"fl","c":{"a":0,"k":[0.01568627451,0.015563245848,0.015563245848,1],"ix":4},"o":{"a":1,"k":[{"i":{"x":[0.862],"y":[0.099]},"o":{"x":[0.386],"y":[0.126]},"n":["0p862_0p099_0p386_0p126"],"t":44,"s":[0],"e":[100]},{"t":58.0000023623884}],"ix":5},"r":1,"nm":"Fill 1","mn":"ADBE Vector Graphic - Fill","hd":false},{"ty":"tr","p":{"a":0,"k":[0,-1],"ix":2},"a":{"a":0,"k":[0,0],"ix":1},"s":{"a":0,"k":[100,100],"ix":3},"r":{"a":0,"k":0,"ix":6},"o":{"a":0,"k":100,"ix":7},"sk":{"a":0,"k":0,"ix":4},"sa":{"a":0,"k":0,"ix":5},"nm":"Transform"}],"nm":"S","np":3,"cix":2,"ix":7,"mn":"ADBE Vector Group","hd":false},{"ty":"gr","it":[{"ind":0,"ty":"sh","ix":1,"ks":{"a":0,"k":{"i":[[-6.3,0],[-5.13,2.97],[-2.94,5.161],[0,6.18],[2.939,5.161],[5.13,2.97],[6.3,0],[5.13,-2.97],[2.939,-5.16],[0,-6.179],[-2.94,-5.16],[-5.13,-2.97]],"o":[[6.3,0],[5.13,-2.97],[2.939,-5.16],[0,-6.179],[-2.94,-5.16],[-5.13,-2.97],[-6.3,0],[-5.13,2.97],[-2.94,5.161],[0,6.18],[2.939,5.161],[5.13,2.97]],"v":[[498.595,1.44],[515.74,-3.015],[527.845,-15.21],[532.255,-32.22],[527.845,-49.23],[515.74,-61.425],[498.595,-65.88],[481.45,-61.425],[469.345,-49.23],[464.935,-32.22],[469.345,-15.21],[481.45,-3.015]],"c":true},"ix":2},"nm":"O","mn":"ADBE Vector Shape - Group","hd":false},{"ind":1,"ty":"sh","ix":2,"ks":{"a":0,"k":{"i":[[3.96,0],[3.27,1.86],[1.89,3.361],[0,4.32],[-1.89,3.361],[-3.271,1.86],[-3.96,0],[-3.3,-1.859],[-1.89,-3.36],[0,-4.32],[1.89,-3.36],[3.299,-1.859]],"o":[[-3.96,0],[-3.271,-1.859],[-1.89,-3.36],[0,-4.32],[1.89,-3.36],[3.27,-1.859],[3.96,0],[3.299,1.86],[1.89,3.361],[0,4.32],[-1.89,3.361],[-3.3,1.86]],"v":[[498.595,-10.08],[487.75,-12.87],[480.01,-20.7],[477.175,-32.22],[480.01,-43.74],[487.75,-51.57],[498.595,-54.36],[509.485,-51.57],[517.27,-43.74],[520.105,-32.22],[517.27,-20.7],[509.485,-12.87]],"c":true},"ix":2},"nm":"O","mn":"ADBE Vector Shape - Group","hd":false},{"ty":"mm","mm":1,"nm":"Merge Paths 1","mn":"ADBE Vector Filter - Merge","hd":false},{"ty":"fl","c":{"a":0,"k":[0.01568627451,0.015563245848,0.015563245848,1],"ix":4},"o":{"a":1,"k":[{"i":{"x":[0.862],"y":[0.099]},"o":{"x":[0.386],"y":[0.126]},"n":["0p862_0p099_0p386_0p126"],"t":51,"s":[0],"e":[100]},{"t":65.0000026475043}],"ix":5},"r":1,"nm":"Fill 1","mn":"ADBE Vector Graphic - Fill","hd":false},{"ty":"tr","p":{"a":0,"k":[0,-1],"ix":2},"a":{"a":0,"k":[0,0],"ix":1},"s":{"a":0,"k":[100,100],"ix":3},"r":{"a":0,"k":0,"ix":6},"o":{"a":0,"k":100,"ix":7},"sk":{"a":0,"k":0,"ix":4},"sa":{"a":0,"k":0,"ix":5},"nm":"Transform"}],"nm":"O","np":5,"cix":2,"ix":8,"mn":"ADBE Vector Group","hd":false},{"ty":"gr","it":[{"ind":0,"ty":"sh","ix":1,"ks":{"a":0,"k":{"i":[[-6.3,0],[-5.13,2.97],[-2.94,5.161],[0,6.18],[2.939,5.161],[5.13,2.97],[6.3,0],[5.13,-2.97],[2.939,-5.16],[0,-6.179],[-2.94,-5.16],[-5.13,-2.97]],"o":[[6.3,0],[5.13,-2.97],[2.939,-5.16],[0,-6.179],[-2.94,-5.16],[-5.13,-2.97],[-6.3,0],[-5.13,2.97],[-2.94,5.161],[0,6.18],[2.939,5.161],[5.13,2.97]],"v":[[573.296,1.44],[590.441,-3.015],[602.546,-15.21],[606.956,-32.22],[602.546,-49.23],[590.441,-61.425],[573.296,-65.88],[556.151,-61.425],[544.046,-49.23],[539.636,-32.22],[544.046,-15.21],[556.151,-3.015]],"c":true},"ix":2},"nm":"O","mn":"ADBE Vector Shape - Group","hd":false},{"ind":1,"ty":"sh","ix":2,"ks":{"a":0,"k":{"i":[[3.96,0],[3.27,1.86],[1.89,3.361],[0,4.32],[-1.89,3.361],[-3.271,1.86],[-3.96,0],[-3.3,-1.859],[-1.89,-3.36],[0,-4.32],[1.89,-3.36],[3.299,-1.859]],"o":[[-3.96,0],[-3.271,-1.859],[-1.89,-3.36],[0,-4.32],[1.89,-3.36],[3.27,-1.859],[3.96,0],[3.299,1.86],[1.89,3.361],[0,4.32],[-1.89,3.361],[-3.3,1.86]],"v":[[573.296,-10.08],[562.451,-12.87],[554.711,-20.7],[551.876,-32.22],[554.711,-43.74],[562.451,-51.57],[573.296,-54.36],[584.186,-51.57],[591.971,-43.74],[594.806,-32.22],[591.971,-20.7],[584.186,-12.87]],"c":true},"ix":2},"nm":"O","mn":"ADBE Vector Shape - Group","hd":false},{"ty":"mm","mm":1,"nm":"Merge Paths 1","mn":"ADBE Vector Filter - Merge","hd":false},{"ty":"fl","c":{"a":0,"k":[0.01568627451,0.015563245848,0.015563245848,1],"ix":4},"o":{"a":1,"k":[{"i":{"x":[0.862],"y":[0.099]},"o":{"x":[0.386],"y":[0.126]},"n":["0p862_0p099_0p386_0p126"],"t":58,"s":[0],"e":[100]},{"t":72.0000029326201}],"ix":5},"r":1,"nm":"Fill 1","mn":"ADBE Vector Graphic - Fill","hd":false},{"ty":"tr","p":{"a":0,"k":[0,0],"ix":2},"a":{"a":0,"k":[0,0],"ix":1},"s":{"a":0,"k":[100,100],"ix":3},"r":{"a":0,"k":0,"ix":6},"o":{"a":0,"k":100,"ix":7},"sk":{"a":0,"k":0,"ix":4},"sa":{"a":0,"k":0,"ix":5},"nm":"Transform"}],"nm":"O","np":5,"cix":2,"ix":9,"mn":"ADBE Vector Group","hd":false},{"ty":"gr","it":[{"ind":0,"ty":"sh","ix":1,"ks":{"a":0,"k":{"i":[[0,0],[0,0],[0,0],[0,0],[0,0],[0,0],[0,0],[0,0],[0,0],[0,0],[0,0],[0,0],[0,0],[0,0]],"o":[[0,0],[0,0],[0,0],[0,0],[0,0],[0,0],[0,0],[0,0],[0,0],[0,0],[0,0],[0,0],[0,0],[0,0]],"v":[[618.475,0],[630.445,0],[630.445,-33.21],[629.725,-45.63],[630.445,-45.63],[657.805,0],[670.585,0],[670.585,-64.44],[658.525,-64.44],[658.525,-33.66],[659.245,-21.24],[658.525,-21.24],[632.605,-64.44],[618.475,-64.44]],"c":true},"ix":2},"nm":"N","mn":"ADBE Vector Shape - Group","hd":false},{"ty":"fl","c":{"a":0,"k":[0.01568627451,0.015563245848,0.015563245848,1],"ix":4},"o":{"a":1,"k":[{"i":{"x":[0.862],"y":[0.099]},"o":{"x":[0.386],"y":[0.126]},"n":["0p862_0p099_0p386_0p126"],"t":65,"s":[0],"e":[100]},{"t":79.000003217736}],"ix":5},"r":1,"nm":"Fill 1","mn":"ADBE Vector Graphic - Fill","hd":false},{"ty":"tr","p":{"a":0,"k":[0,0],"ix":2},"a":{"a":0,"k":[0,0],"ix":1},"s":{"a":0,"k":[100,100],"ix":3},"r":{"a":0,"k":0,"ix":6},"o":{"a":0,"k":100,"ix":7},"sk":{"a":0,"k":0,"ix":4},"sa":{"a":0,"k":0,"ix":5},"nm":"Transform"}],"nm":"N","np":3,"cix":2,"ix":10,"mn":"ADBE Vector Group","hd":false},{"ty":"gr","it":[{"ty":"fl","c":{"a":0,"k":[0.01568627451,0.015563245848,0.015563245848,1],"ix":4},"o":{"a":1,"k":[{"i":{"x":[0.862],"y":[0.099]},"o":{"x":[0.386],"y":[0.126]},"n":["0p862_0p099_0p386_0p126"],"t":58,"s":[0],"e":[100]},{"t":72.0000029326201}],"ix":5},"r":1,"nm":"Fill 1","mn":"ADBE Vector Graphic - Fill","hd":false},{"ty":"tr","p":{"a":0,"k":[0,0],"ix":2},"a":{"a":0,"k":[0,0],"ix":1},"s":{"a":0,"k":[100,100],"ix":3},"r":{"a":0,"k":0,"ix":6},"o":{"a":0,"k":100,"ix":7},"sk":{"a":0,"k":0,"ix":4},"sa":{"a":0,"k":0,"ix":5},"nm":"Transform"}],"nm":"Group 1","np":1,"cix":2,"ix":11,"mn":"ADBE Vector Group","hd":false}],"ip":0,"op":93.0000037879676,"st":0,"bm":0}],"markers":[]}